,TICKER,SECTOR,DIRECTION,SIZE,PRICE,DATE
0,TSLA,AUTOMOTIVE,BUY,3,28.97,2021-09-09
1,APLS,BIOTECH,BUY,11,16.58,2021-07-28
2,NVDA,TECH,SELL,17,23.38,2020-08-20
3,AAPL,TECH,BUY,3,20.8,2018-05-10
4,GM,AUTOMOTIVE,BUY,6,28.63,2021-12-31
5,AAPL,TECH,BUY,6,44.1,2018-05-07
6,GM,AUTOMOTIVE,BUY,19,23.1,2018-12-31
7,BIIB,BIOTECH,BUY,4,53.87,2018-08-05
8,BIIB,BIOTECH,BUY,1,19.68,2018-10-08
9,GM,AUTOMOTIVE,BUY,1,16.22,2021-04-08
10,NVDA,TECH,BUY,40,27.34,2022-04-29
11,AAPL,TECH,BUY,1,36.67,2022-10-03
12,GM,AUTOMOTIVE,BUY,2,24.12,2021-04-29
13,APLS,BIOTECH,BUY,13,40.66,2020-02-22
14,APLS,BIOTECH,BUY,7,58.7,2018-09-09
15,BIIB,BIOTECH,BUY,5,47.85,2022-05-13
16,GM,AUTOMOTIVE,BUY,3,27.8,2021-10-15
17,APLS,BIOTECH,BUY,6,10.71,2021-09-17
18,NVDA,TECH,BUY,12,23.29,2018-05-02
19,TSLA,AUTOMOTIVE,BUY,3,28.25,2021-10-26
20,BIIB,BIOTECH,SELL,5,37.01,2018-09-11
21,TSLA,AUTOMOTIVE,BUY,4,67.52,2018-06-15
22,GOOGL,TECH,BUY,8,24.45,2018-01-07
23,BIIB,BIOTECH,BUY,8,18.46,2018-08-25
24,GOOGL,TECH,BUY,11,45.2,2018-01-18
25,APLS,BIOTECH,SELL,4,43.36,2019-12-06
26,TSLA,AUTOMOTIVE,BUY,10,11.78,2022-08-04
27,APLS,BIOTECH,BUY,6,38.32,2018-02-06
28,NVDA,TECH,BUY,13,51.52,2020-07-31
29,GM,AUTOMOTIVE,BUY,18,32.52,2021-09-03
30,AAPL,TECH,BUY,6,40.36,2021-10-12
31,AAPL,TECH,BUY,10,30.49,2018-12-30
32,TSLA,AUTOMOTIVE,BUY,8,48.75,2022-08-25
33,GOOGL,TECH,BUY,7,23.47,2020-12-05
34,GOOGL,TECH,SELL,13,55.13,2018-01-02
35,NVDA,TECH,BUY,1,36.39,2018-05-21
36,BIIB,BIOTECH,BUY,6,69.17,2020-05-31
37,NVDA,TECH,BUY,3,46.38,2018-07-20
38,APLS,BIOTECH,BUY,3,37.21,2019-02-09
39,AAPL,TECH,BUY,1,16.95,2018-02-06
40,TSLA,AUTOMOTIVE,BUY,9,19.28,2019-07-22
41,BIIB,BIOTECH,BUY,3,69.38,2021-09-16
42,TSLA,AUTOMOTIVE,BUY,3,28.42,2018-07-22
43,GM,AUTOMOTIVE,BUY,12,56.55,2021-12-05
44,APLS,BIOTECH,BUY,11,48.88,2019-05-05
45,GOOGL,TECH,SELL,24,63.75,2018-08-13
46,NVDA,TECH,BUY,16,25.79,2020-06-12
47,APLS,BIOTECH,BUY,1,26.7,2021-09-21
48,APLS,BIOTECH,BUY,6,60.43,2021-11-14
49,GOOGL,TECH,BUY,1,30.05,2020-03-10
50,AAPL,TECH,BUY,20,35.0,2021-08-11
51,NVDA,TECH,BUY,4,52.26,2020-03-01
52,BIIB,BIOTECH,BUY,6,32.71,2020-01-05
53,BIIB,BIOTECH,BUY,5,47.74,2020-11-16
54,BIIB,BIOTECH,BUY,6,58.74,2020-02-10
55,APLS,BIOTECH,BUY,5,47.67,2021-05-27
56,AAPL,TECH,BUY,1,22.17,2020-11-21
57,APLS,BIOTECH,BUY,3,38.67,2022-04-08
58,NVDA,TECH,BUY,4,60.79,2021-09-08
59,AAPL,TECH,BUY,6,54.46,2021-09-27
60,NVDA,TECH,BUY,1,58.96,2022-07-21
61,NVDA,TECH,BUY,15,65.54,2022-04-15
62,AAPL,TECH,BUY,7,19.03,2021-11-16
63,NVDA,TECH,BUY,6,29.56,2020-11-04
64,GM,AUTOMOTIVE,BUY,36,69.14,2021-06-15
65,GM,AUTOMOTIVE,BUY,16,57.54,2022-05-28
66,GM,AUTOMOTIVE,SELL,9,37.27,2018-04-03
67,AAPL,TECH,BUY,10,29.58,2020-12-08
68,AAPL,TECH,BUY,5,55.95,2019-07-04
69,AAPL,TECH,BUY,1,17.88,2018-08-07
70,GM,AUTOMOTIVE,BUY,19,18.12,2019-02-04
71,GM,AUTOMOTIVE,BUY,9,58.97,2018-12-23
72,NVDA,TECH,BUY,5,29.07,2020-10-24
73,GM,AUTOMOTIVE,BUY,6,63.69,2019-07-17
74,APLS,BIOTECH,BUY,5,58.17,2021-04-04
75,APLS,BIOTECH,BUY,11,22.8,2020-07-10
76,BIIB,BIOTECH,BUY,6,35.44,2018-09-03
77,AAPL,TECH,BUY,9,13.52,2018-10-17
78,APLS,BIOTECH,SELL,1,69.74,2018-08-10
79,APLS,BIOTECH,BUY,34,13.92,2022-02-25
80,NVDA,TECH,BUY,2,40.25,2020-01-23
81,GOOGL,TECH,BUY,16,66.9,2022-04-12
82,GM,AUTOMOTIVE,BUY,7,62.22,2022-07-10
83,NVDA,TECH,BUY,1,56.19,2021-07-08
84,GOOGL,TECH,SELL,4,17.89,2021-02-24
85,GM,AUTOMOTIVE,SELL,6,41.1,2021-09-19
86,AAPL,TECH,BUY,4,47.8,2020-08-04
87,AAPL,TECH,BUY,5,33.51,2019-10-25
88,GM,AUTOMOTIVE,BUY,34,10.38,2021-08-08
89,NVDA,TECH,BUY,8,38.79,2019-09-06
90,NVDA,TECH,BUY,1,53.48,2022-02-05
91,GM,AUTOMOTIVE,BUY,25,69.72,2022-08-11
92,AAPL,TECH,SELL,8,50.1,2020-04-30
93,BIIB,BIOTECH,BUY,3,63.82,2019-11-15
94,APLS,BIOTECH,BUY,3,31.4,2021-10-10
95,NVDA,TECH,SELL,8,38.98,2021-01-17
96,GM,AUTOMOTIVE,BUY,2,20.59,2018-01-08
97,TSLA,AUTOMOTIVE,BUY,1,40.16,2021-03-23
98,GM,AUTOMOTIVE,SELL,2,62.7,2020-04-27
99,NVDA,TECH,BUY,1,16.63,2018-01-21
100,GM,AUTOMOTIVE,BUY,2,40.62,2021-09-06
101,BIIB,BIOTECH,BUY,4,42.88,2020-12-11
102,BIIB,BIOTECH,BUY,9,35.62,2020-02-28
103,BIIB,BIOTECH,BUY,2,48.94,2020-10-08
104,AAPL,TECH,BUY,3,46.53,2019-06-25
105,GOOGL,TECH,BUY,4,67.89,2021-03-11
106,NVDA,TECH,SELL,2,31.97,2018-12-30
107,TSLA,AUTOMOTIVE,BUY,16,10.96,2019-08-07
108,TSLA,AUTOMOTIVE,BUY,1,43.02,2018-08-01
109,AAPL,TECH,BUY,4,13.24,2019-03-27
110,AAPL,TECH,SELL,2,53.39,2022-05-19
111,AAPL,TECH,SELL,5,16.12,2021-08-14
112,AAPL,TECH,BUY,8,54.0,2021-02-06
113,GOOGL,TECH,BUY,8,26.0,2020-04-23
114,NVDA,TECH,BUY,1,57.04,2018-01-29
115,GOOGL,TECH,BUY,3,52.57,2021-11-05
116,GM,AUTOMOTIVE,BUY,6,45.66,2018-06-22
117,APLS,BIOTECH,BUY,8,53.63,2021-02-04
118,GM,AUTOMOTIVE,BUY,1,53.22,2018-11-27
119,TSLA,AUTOMOTIVE,BUY,1,40.87,2018-09-13
120,GM,AUTOMOTIVE,BUY,11,54.74,2022-08-19
121,GOOGL,TECH,SELL,5,41.97,2018-08-23
122,GOOGL,TECH,BUY,15,11.97,2020-08-29
123,AAPL,TECH,BUY,22,67.0,2021-07-31
124,TSLA,AUTOMOTIVE,SELL,5,11.22,2020-06-25
125,NVDA,TECH,SELL,1,56.1,2021-05-12
126,BIIB,BIOTECH,BUY,8,15.13,2022-08-24
127,GOOGL,TECH,BUY,14,65.33,2020-03-06
128,NVDA,TECH,BUY,6,23.87,2019-02-26
129,GM,AUTOMOTIVE,BUY,2,32.73,2021-03-27
130,AAPL,TECH,BUY,21,29.25,2018-12-15
131,AAPL,TECH,BUY,14,36.77,2021-01-16
132,TSLA,AUTOMOTIVE,BUY,2,39.4,2021-11-22
133,GOOGL,TECH,BUY,2,37.27,2019-10-10
134,GOOGL,TECH,BUY,14,32.42,2020-02-17
135,TSLA,AUTOMOTIVE,BUY,5,64.76,2020-02-19
136,AAPL,TECH,BUY,3,53.73,2019-12-17
137,GOOGL,TECH,BUY,14,56.41,2019-05-12
138,TSLA,AUTOMOTIVE,SELL,5,53.44,2018-04-02
139,GOOGL,TECH,BUY,10,23.01,2019-02-07
140,NVDA,TECH,BUY,12,40.3,2020-09-19
141,AAPL,TECH,SELL,5,12.7,2018-10-18
142,APLS,BIOTECH,BUY,3,66.26,2020-10-30
143,NVDA,TECH,SELL,3,26.98,2019-06-27
144,TSLA,AUTOMOTIVE,BUY,2,69.43,2020-01-07
145,TSLA,AUTOMOTIVE,BUY,1,35.43,2021-02-15
146,BIIB,BIOTECH,BUY,6,30.56,2021-11-10
147,NVDA,TECH,BUY,5,29.26,2022-02-17
148,AAPL,TECH,BUY,6,13.66,2018-11-19
149,GM,AUTOMOTIVE,BUY,1,38.51,2021-11-14
150,BIIB,BIOTECH,BUY,2,38.18,2018-11-22
151,GOOGL,TECH,BUY,3,47.13,2018-05-01
152,AAPL,TECH,SELL,5,50.54,2019-01-05
153,AAPL,TECH,SELL,9,22.97,2022-07-04
154,BIIB,BIOTECH,BUY,3,32.97,2021-07-02
155,AAPL,TECH,BUY,3,69.19,2020-04-25
156,BIIB,BIOTECH,SELL,10,28.12,2021-03-08
157,NVDA,TECH,SELL,2,38.53,2021-10-08
158,AAPL,TECH,BUY,8,12.28,2018-05-13
159,APLS,BIOTECH,BUY,6,12.85,2020-06-22
160,TSLA,AUTOMOTIVE,SELL,6,37.93,2021-09-13
161,GM,AUTOMOTIVE,BUY,13,49.84,2019-08-21
162,APLS,BIOTECH,BUY,4,55.13,2019-12-01
163,NVDA,TECH,SELL,9,35.4,2018-02-15
164,APLS,BIOTECH,SELL,2,35.81,2019-12-31
165,GOOGL,TECH,BUY,8,22.0,2020-03-23
166,BIIB,BIOTECH,BUY,6,32.69,2018-10-06
167,TSLA,AUTOMOTIVE,SELL,10,59.09,2019-07-20
168,AAPL,TECH,SELL,6,36.57,2020-09-17
169,BIIB,BIOTECH,BUY,2,63.34,2020-02-20
170,TSLA,AUTOMOTIVE,BUY,2,11.3,2020-07-07
171,GOOGL,TECH,SELL,2,26.39,2021-01-22
172,BIIB,BIOTECH,BUY,9,27.51,2018-08-29
173,GM,AUTOMOTIVE,BUY,3,67.56,2019-04-21
174,AAPL,TECH,BUY,5,17.76,2022-05-13
175,TSLA,AUTOMOTIVE,BUY,6,62.65,2021-02-19
176,GOOGL,TECH,SELL,8,57.64,2018-05-11
177,BIIB,BIOTECH,BUY,6,12.82,2019-11-29
178,BIIB,BIOTECH,BUY,3,69.0,2018-08-21
179,BIIB,BIOTECH,BUY,7,51.83,2019-08-29
180,BIIB,BIOTECH,BUY,6,34.92,2018-01-17
181,GM,AUTOMOTIVE,BUY,11,52.31,2021-01-13
182,BIIB,BIOTECH,BUY,1,53.52,2019-12-03
183,NVDA,TECH,BUY,3,22.99,2021-12-21
184,APLS,BIOTECH,SELL,27,52.87,2019-03-13
185,GOOGL,TECH,SELL,5,36.22,2020-04-05
186,GOOGL,TECH,BUY,9,38.54,2021-01-10
187,GOOGL,TECH,BUY,35,16.44,2020-09-13
188,TSLA,AUTOMOTIVE,BUY,7,15.73,2019-12-22
189,BIIB,BIOTECH,BUY,17,50.58,2018-10-07
190,TSLA,AUTOMOTIVE,BUY,12,16.8,2020-10-22
191,TSLA,AUTOMOTIVE,SELL,2,21.09,2021-07-18
192,GOOGL,TECH,SELL,4,58.96,2020-01-22
193,BIIB,BIOTECH,SELL,4,65.13,2020-07-15
194,APLS,BIOTECH,BUY,1,10.6,2021-02-24
195,GOOGL,TECH,BUY,11,47.83,2021-03-03
196,GOOGL,TECH,BUY,3,52.12,2019-05-23
197,APLS,BIOTECH,SELL,2,51.58,2022-08-22
198,APLS,BIOTECH,BUY,9,44.47,2019-03-14
199,NVDA,TECH,BUY,2,60.2,2018-07-19
200,GOOGL,TECH,BUY,1,35.81,2020-11-12
201,GM,AUTOMOTIVE,BUY,1,16.61,2019-08-12
202,BIIB,BIOTECH,BUY,7,10.98,2019-04-05
203,GOOGL,TECH,BUY,10,35.08,2019-09-21
204,GOOGL,TECH,BUY,4,25.01,2022-04-10
205,NVDA,TECH,SELL,7,50.15,2018-07-04
206,APLS,BIOTECH,BUY,21,24.33,2022-08-07
207,GOOGL,TECH,BUY,4,10.57,2019-08-08
208,GOOGL,TECH,SELL,20,42.78,2021-11-02
209,NVDA,TECH,BUY,20,49.08,2021-11-01
210,GOOGL,TECH,BUY,11,31.76,2019-03-26
211,APLS,BIOTECH,BUY,6,51.52,2022-06-25
212,GM,AUTOMOTIVE,BUY,11,35.59,2021-04-22
213,GM,AUTOMOTIVE,BUY,1,55.18,2022-06-17
214,NVDA,TECH,BUY,2,57.86,2018-11-16
215,AAPL,TECH,BUY,7,31.34,2018-10-14
216,APLS,BIOTECH,SELL,33,33.15,2018-05-17
217,APLS,BIOTECH,BUY,4,39.14,2021-09-25
218,APLS,BIOTECH,BUY,7,16.22,2019-08-31
219,BIIB,BIOTECH,BUY,1,33.06,2022-08-09
220,BIIB,BIOTECH,BUY,20,59.73,2022-10-11
221,TSLA,AUTOMOTIVE,BUY,1,40.31,2022-08-14
222,BIIB,BIOTECH,BUY,16,54.55,2020-05-10
223,GOOGL,TECH,BUY,2,11.61,2019-04-18
224,TSLA,AUTOMOTIVE,BUY,13,38.4,2022-02-12
225,TSLA,AUTOMOTIVE,BUY,6,43.09,2018-04-14
226,GM,AUTOMOTIVE,BUY,4,17.4,2018-10-07
227,TSLA,AUTOMOTIVE,SELL,10,31.21,2022-02-13
228,GOOGL,TECH,BUY,1,14.16,2021-04-23
229,BIIB,BIOTECH,BUY,18,53.32,2021-12-29
230,GOOGL,TECH,BUY,4,30.86,2020-03-14
231,BIIB,BIOTECH,BUY,13,17.81,2021-11-22
232,BIIB,BIOTECH,BUY,10,17.9,2019-05-04
233,TSLA,AUTOMOTIVE,SELL,1,49.96,2021-04-11
234,TSLA,AUTOMOTIVE,BUY,13,44.63,2018-10-30
235,GM,AUTOMOTIVE,SELL,3,47.72,2018-08-26
236,TSLA,AUTOMOTIVE,BUY,3,25.27,2022-03-22
237,NVDA,TECH,BUY,10,60.37,2022-07-29
238,TSLA,AUTOMOTIVE,BUY,8,28.11,2021-11-15
239,APLS,BIOTECH,BUY,3,15.3,2020-10-01
240,GOOGL,TECH,BUY,1,45.74,2022-09-08
241,BIIB,BIOTECH,SELL,5,65.3,2018-10-08
242,AAPL,TECH,BUY,19,40.54,2019-07-30
243,GM,AUTOMOTIVE,BUY,10,39.79,2021-12-31
244,AAPL,TECH,BUY,5,66.61,2020-03-12
245,APLS,BIOTECH,BUY,11,29.34,2018-10-30
246,AAPL,TECH,SELL,5,63.1,2018-02-17
247,AAPL,TECH,BUY,6,21.49,2019-03-16
248,BIIB,BIOTECH,SELL,4,50.56,2018-12-07
249,GM,AUTOMOTIVE,BUY,4,33.75,2022-05-01
250,BIIB,BIOTECH,SELL,12,12.99,2018-03-06
251,GOOGL,TECH,BUY,1,41.67,2018-05-16
252,BIIB,BIOTECH,BUY,3,54.88,2020-09-29
253,AAPL,TECH,SELL,5,46.66,2021-07-09
254,GM,AUTOMOTIVE,BUY,4,66.91,2021-07-19
255,TSLA,AUTOMOTIVE,SELL,11,15.19,2018-09-11
256,APLS,BIOTECH,BUY,1,44.23,2018-10-29
257,APLS,BIOTECH,BUY,7,22.93,2020-06-29
258,TSLA,AUTOMOTIVE,BUY,2,33.95,2021-07-31
259,NVDA,TECH,BUY,6,18.78,2022-08-26
260,BIIB,BIOTECH,BUY,11,60.58,2018-03-13
261,APLS,BIOTECH,BUY,1,67.84,2020-10-09
262,GM,AUTOMOTIVE,BUY,14,39.88,2021-12-01
263,GM,AUTOMOTIVE,BUY,15,19.91,2019-11-11
264,GOOGL,TECH,BUY,1,68.98,2018-04-24
265,TSLA,AUTOMOTIVE,BUY,21,56.15,2020-10-04
266,TSLA,AUTOMOTIVE,BUY,5,51.51,2021-09-11
267,APLS,BIOTECH,SELL,5,38.7,2021-01-05
268,APLS,BIOTECH,BUY,3,24.15,2020-07-23
269,AAPL,TECH,SELL,2,60.19,2021-07-07
270,GOOGL,TECH,BUY,9,21.25,2022-01-27
271,GM,AUTOMOTIVE,BUY,16,52.22,2018-01-09
272,GM,AUTOMOTIVE,BUY,6,59.62,2019-04-06
273,AAPL,TECH,BUY,10,27.77,2021-01-21
274,GM,AUTOMOTIVE,SELL,2,46.23,2019-09-12
275,NVDA,TECH,BUY,3,61.62,2021-01-21
276,AAPL,TECH,BUY,6,49.93,2018-03-22
277,TSLA,AUTOMOTIVE,BUY,7,21.32,2019-01-19
278,GOOGL,TECH,BUY,1,52.07,2022-08-05
279,BIIB,BIOTECH,BUY,4,55.16,2021-04-09
280,AAPL,TECH,BUY,3,39.83,2021-12-22
281,GM,AUTOMOTIVE,BUY,4,65.01,2021-05-17
282,NVDA,TECH,BUY,3,58.4,2018-10-18
283,NVDA,TECH,BUY,24,36.03,2021-04-02
284,NVDA,TECH,BUY,3,28.04,2021-07-04
285,AAPL,TECH,SELL,35,52.5,2020-04-24
286,AAPL,TECH,BUY,1,31.51,2021-06-24
287,NVDA,TECH,SELL,6,29.79,2020-05-06
288,APLS,BIOTECH,BUY,8,65.64,2020-06-01
289,BIIB,BIOTECH,BUY,7,39.04,2021-08-31
290,TSLA,AUTOMOTIVE,BUY,3,30.76,2020-08-28
291,BIIB,BIOTECH,BUY,6,35.03,2020-04-03
292,AAPL,TECH,BUY,8,35.8,2021-03-05
293,APLS,BIOTECH,BUY,12,36.09,2019-05-17
294,TSLA,AUTOMOTIVE,SELL,10,68.95,2019-08-20
295,BIIB,BIOTECH,BUY,3,25.18,2019-05-15
296,GOOGL,TECH,BUY,1,15.26,2018-11-28
297,TSLA,AUTOMOTIVE,BUY,4,61.85,2020-01-20
298,GOOGL,TECH,SELL,3,45.61,2018-12-27
299,AAPL,TECH,BUY,8,26.37,2019-07-07
300,TSLA,AUTOMOTIVE,BUY,5,31.54,2018-04-18
301,AAPL,TECH,BUY,5,37.77,2020-12-25
302,BIIB,BIOTECH,BUY,4,44.8,2019-07-18
303,NVDA,TECH,BUY,4,62.86,2021-07-09
304,GOOGL,TECH,BUY,2,10.64,2021-03-22
305,NVDA,TECH,BUY,2,26.39,2018-07-05
306,NVDA,TECH,BUY,3,44.87,2018-06-04
307,GM,AUTOMOTIVE,BUY,10,29.58,2020-04-04
308,TSLA,AUTOMOTIVE,SELL,1,47.92,2021-01-09
309,GM,AUTOMOTIVE,BUY,1,23.82,2020-12-14
310,AAPL,TECH,SELL,23,21.17,2018-08-22
311,GOOGL,TECH,BUY,9,36.75,2018-07-18
312,GOOGL,TECH,BUY,10,15.72,2021-03-07
313,APLS,BIOTECH,BUY,4,66.33,2018-12-09
314,GM,AUTOMOTIVE,BUY,17,34.07,2020-09-04
315,GOOGL,TECH,SELL,5,14.66,2021-11-27
316,TSLA,AUTOMOTIVE,SELL,8,35.82,2018-01-08
317,APLS,BIOTECH,BUY,9,64.12,2022-04-18
318,GOOGL,TECH,BUY,32,57.73,2022-06-26
319,TSLA,AUTOMOTIVE,SELL,18,60.5,2020-03-01
320,NVDA,TECH,SELL,13,16.56,2019-09-11
321,NVDA,TECH,SELL,17,55.44,2018-07-28
322,GOOGL,TECH,BUY,3,60.22,2019-02-06
323,GM,AUTOMOTIVE,BUY,24,65.61,2018-09-02
324,NVDA,TECH,BUY,10,14.72,2020-02-11
325,BIIB,BIOTECH,BUY,10,48.62,2018-11-26
326,TSLA,AUTOMOTIVE,BUY,1,61.06,2022-06-06
327,GM,AUTOMOTIVE,BUY,16,62.08,2019-03-25
328,GOOGL,TECH,BUY,3,18.16,2020-01-15
329,NVDA,TECH,BUY,1,19.6,2019-09-26
330,GOOGL,TECH,BUY,15,49.15,2018-12-04
331,APLS,BIOTECH,BUY,3,18.26,2019-10-23
332,TSLA,AUTOMOTIVE,BUY,1,41.15,2021-12-06
333,GM,AUTOMOTIVE,BUY,10,37.59,2018-11-02
334,APLS,BIOTECH,BUY,4,40.94,2018-09-27
335,GOOGL,TECH,BUY,11,18.76,2022-06-07
336,BIIB,BIOTECH,BUY,5,61.68,2021-07-02
337,GM,AUTOMOTIVE,BUY,5,46.78,2020-08-04
338,NVDA,TECH,SELL,27,26.13,2019-06-03
339,APLS,BIOTECH,BUY,4,67.25,2021-04-15
340,AAPL,TECH,SELL,19,66.12,2020-09-22
341,GOOGL,TECH,BUY,8,53.61,2021-01-07
342,GOOGL,TECH,BUY,3,39.36,2022-09-07
343,GOOGL,TECH,BUY,16,11.73,2020-11-26
344,BIIB,BIOTECH,BUY,7,58.72,2022-03-19
345,GM,AUTOMOTIVE,BUY,11,26.75,2018-11-01
346,APLS,BIOTECH,BUY,7,48.04,2019-12-19
347,BIIB,BIOTECH,BUY,1,47.32,2020-06-08
348,TSLA,AUTOMOTIVE,BUY,9,69.76,2021-10-16
349,APLS,BIOTECH,BUY,10,56.16,2022-08-07
350,TSLA,AUTOMOTIVE,SELL,19,63.12,2021-03-15
351,APLS,BIOTECH,BUY,7,35.74,2020-12-30
352,APLS,BIOTECH,BUY,10,65.3,2020-07-24
353,TSLA,AUTOMOTIVE,BUY,27,18.07,2022-03-01
354,BIIB,BIOTECH,BUY,2,44.56,2022-09-24
355,APLS,BIOTECH,SELL,5,34.91,2022-09-02
356,BIIB,BIOTECH,BUY,4,19.33,2020-08-10
357,AAPL,TECH,BUY,2,66.41,2021-04-21
358,GOOGL,TECH,BUY,1,64.17,2020-04-16
359,GM,AUTOMOTIVE,BUY,4,67.5,2022-09-10
360,BIIB,BIOTECH,BUY,24,60.76,2019-06-27
361,BIIB,BIOTECH,BUY,4,53.74,2018-06-13
362,NVDA,TECH,SELL,8,66.55,2018-10-24
363,AAPL,TECH,SELL,1,18.83,2018-10-02
364,APLS,BIOTECH,BUY,6,55.63,2022-01-11
365,APLS,BIOTECH,BUY,4,50.45,2019-01-09
366,NVDA,TECH,BUY,9,58.86,2020-11-22
367,GM,AUTOMOTIVE,BUY,8,66.4,2018-12-03
368,APLS,BIOTECH,BUY,5,33.77,2020-05-27
369,AAPL,TECH,SELL,24,16.39,2020-08-15
370,APLS,BIOTECH,BUY,2,20.81,2019-03-01
371,GM,AUTOMOTIVE,BUY,7,38.94,2020-06-27
372,NVDA,TECH,BUY,1,65.45,2020-04-15
373,APLS,BIOTECH,BUY,13,55.05,2020-11-11
374,TSLA,AUTOMOTIVE,SELL,10,12.81,2018-06-28
375,GM,AUTOMOTIVE,BUY,13,37.7,2018-08-17
376,GOOGL,TECH,BUY,11,13.98,2020-01-15
377,APLS,BIOTECH,SELL,6,25.72,2018-10-23
378,APLS,BIOTECH,SELL,22,38.12,2019-01-06
379,AAPL,TECH,BUY,2,18.69,2022-03-28
380,NVDA,TECH,SELL,6,46.92,2019-01-11
381,AAPL,TECH,BUY,1,61.27,2020-06-23
382,NVDA,TECH,BUY,2,13.35,2021-12-16
383,AAPL,TECH,BUY,4,60.71,2020-04-27
384,NVDA,TECH,BUY,1,22.34,2019-09-01
385,APLS,BIOTECH,BUY,5,67.22,2022-08-25
386,GOOGL,TECH,BUY,8,19.33,2018-06-22
387,NVDA,TECH,BUY,2,27.23,2019-04-04
388,NVDA,TECH,BUY,28,11.75,2021-02-14
389,GM,AUTOMOTIVE,BUY,8,56.77,2021-10-14
390,TSLA,AUTOMOTIVE,BUY,12,13.12,2021-04-10
391,GM,AUTOMOTIVE,BUY,4,30.9,2019-10-28
392,APLS,BIOTECH,BUY,10,47.96,2018-01-13
393,APLS,BIOTECH,BUY,4,30.42,2022-08-18
394,GOOGL,TECH,BUY,11,19.18,2018-04-13
395,AAPL,TECH,BUY,9,58.63,2022-07-19
396,GM,AUTOMOTIVE,BUY,7,48.68,2020-04-27
397,GM,AUTOMOTIVE,SELL,5,22.5,2020-12-20
398,BIIB,BIOTECH,SELL,13,54.43,2021-04-02
399,GM,AUTOMOTIVE,BUY,7,47.65,2018-09-01
400,APLS,BIOTECH,SELL,4,26.61,2020-02-07
401,GM,AUTOMOTIVE,BUY,15,33.05,2018-07-10
402,GM,AUTOMOTIVE,BUY,17,17.06,2019-10-09
403,GM,AUTOMOTIVE,SELL,1,41.6,2019-04-17
404,BIIB,BIOTECH,BUY,8,48.51,2021-01-18
405,GM,AUTOMOTIVE,BUY,9,67.64,2018-02-07
406,NVDA,TECH,BUY,13,31.57,2021-10-04
407,GM,AUTOMOTIVE,SELL,6,17.33,2018-10-24
408,AAPL,TECH,SELL,4,37.49,2018-04-28
409,NVDA,TECH,BUY,8,67.65,2019-06-08
410,AAPL,TECH,BUY,5,31.01,2019-03-20
411,AAPL,TECH,BUY,10,15.94,2021-02-27
412,BIIB,BIOTECH,BUY,10,30.56,2022-02-07
413,TSLA,AUTOMOTIVE,BUY,6,18.58,2022-06-17
414,TSLA,AUTOMOTIVE,BUY,9,61.35,2019-10-23
415,TSLA,AUTOMOTIVE,BUY,14,50.13,2019-04-14
416,BIIB,BIOTECH,SELL,2,17.63,2021-03-07
417,GOOGL,TECH,BUY,10,60.25,2022-01-14
418,GM,AUTOMOTIVE,BUY,8,51.97,2018-06-11
419,BIIB,BIOTECH,BUY,1,18.04,2020-01-22
420,GOOGL,TECH,BUY,3,18.07,2021-12-06
421,APLS,BIOTECH,BUY,4,41.97,2019-08-17
422,GM,AUTOMOTIVE,BUY,1,66.03,2018-03-06
423,BIIB,BIOTECH,BUY,1,21.25,2021-02-12
424,GOOGL,TECH,BUY,6,48.11,2019-12-26
425,AAPL,TECH,BUY,1,23.29,2019-03-01
426,TSLA,AUTOMOTIVE,BUY,1,13.35,2021-05-20
427,AAPL,TECH,SELL,8,31.1,2022-03-20
428,BIIB,BIOTECH,BUY,15,23.53,2022-10-08
429,GOOGL,TECH,BUY,16,36.96,2019-05-11
430,TSLA,AUTOMOTIVE,BUY,1,20.01,2019-07-26
431,APLS,BIOTECH,BUY,4,40.57,2019-09-06
432,GM,AUTOMOTIVE,BUY,2,66.35,2020-12-27
433,TSLA,AUTOMOTIVE,BUY,2,43.01,2018-12-12
434,AAPL,TECH,BUY,10,25.6,2021-05-01
435,TSLA,AUTOMOTIVE,BUY,4,69.83,2018-11-03
436,BIIB,BIOTECH,BUY,2,10.63,2021-07-07
437,TSLA,AUTOMOTIVE,SELL,6,43.25,2020-02-14
438,GOOGL,TECH,BUY,2,54.79,2018-04-18
439,GM,AUTOMOTIVE,BUY,1,47.26,2022-01-11
440,BIIB,BIOTECH,BUY,6,59.77,2018-10-03
441,NVDA,TECH,BUY,2,52.45,2019-08-19
442,AAPL,TECH,BUY,47,13.01,2020-02-04
443,APLS,BIOTECH,BUY,8,52.75,2018-09-17
444,NVDA,TECH,BUY,3,51.42,2018-01-22
445,BIIB,BIOTECH,BUY,7,12.6,2021-09-11
446,BIIB,BIOTECH,BUY,1,30.98,2018-12-15
447,NVDA,TECH,SELL,23,55.1,2021-04-07
448,NVDA,TECH,BUY,7,42.68,2020-11-28
449,TSLA,AUTOMOTIVE,BUY,7,57.72,2020-07-18
450,GM,AUTOMOTIVE,BUY,5,47.53,2021-04-03
451,TSLA,AUTOMOTIVE,BUY,5,28.55,2019-11-27
452,GOOGL,TECH,BUY,6,50.61,2019-08-16
453,TSLA,AUTOMOTIVE,BUY,3,42.97,2022-07-28
454,GM,AUTOMOTIVE,BUY,3,34.98,2022-02-25
455,AAPL,TECH,BUY,6,53.33,2018-07-07
456,GM,AUTOMOTIVE,BUY,1,52.05,2022-10-21
457,GM,AUTOMOTIVE,BUY,9,33.95,2021-04-24
458,NVDA,TECH,BUY,11,47.61,2020-11-28
459,GM,AUTOMOTIVE,SELL,5,51.0,2022-03-26
460,GM,AUTOMOTIVE,SELL,8,68.59,2019-09-08
461,NVDA,TECH,BUY,3,41.67,2022-08-10
462,GOOGL,TECH,BUY,4,15.02,2021-02-27
463,GM,AUTOMOTIVE,SELL,15,26.43,2021-06-04
464,NVDA,TECH,BUY,21,43.63,2019-08-23
465,AAPL,TECH,BUY,2,19.82,2018-01-29
466,NVDA,TECH,BUY,1,14.76,2022-09-19
467,GOOGL,TECH,BUY,7,44.8,2018-10-02
468,GM,AUTOMOTIVE,BUY,8,42.94,2019-09-04
469,NVDA,TECH,BUY,19,36.47,2018-03-22
470,GM,AUTOMOTIVE,BUY,16,61.51,2018-07-25
471,GM,AUTOMOTIVE,BUY,12,22.85,2018-12-14
472,GM,AUTOMOTIVE,BUY,4,35.16,2022-08-10
473,GOOGL,TECH,BUY,1,69.25,2020-06-05
474,TSLA,AUTOMOTIVE,BUY,3,68.41,2020-11-24
475,TSLA,AUTOMOTIVE,BUY,7,29.93,2018-10-02
476,GM,AUTOMOTIVE,BUY,8,54.43,2019-09-17
477,BIIB,BIOTECH,SELL,5,66.16,2020-09-07
478,TSLA,AUTOMOTIVE,BUY,14,47.39,2019-09-21
479,BIIB,BIOTECH,BUY,10,41.32,2018-04-28
480,BIIB,BIOTECH,BUY,6,51.13,2021-07-02
481,NVDA,TECH,BUY,13,52.96,2020-05-11
482,TSLA,AUTOMOTIVE,BUY,1,65.52,2021-03-04
483,APLS,BIOTECH,BUY,1,19.07,2021-02-15
484,BIIB,BIOTECH,BUY,2,32.9,2019-06-13
485,APLS,BIOTECH,BUY,1,16.39,2022-10-11
486,AAPL,TECH,BUY,2,55.95,2021-04-05
487,BIIB,BIOTECH,BUY,5,11.7,2021-08-04
488,BIIB,BIOTECH,BUY,31,11.23,2020-05-12
489,AAPL,TECH,BUY,8,40.4,2020-06-08
490,GM,AUTOMOTIVE,BUY,25,22.7,2019-11-21
491,BIIB,BIOTECH,BUY,15,64.28,2019-10-01
492,GOOGL,TECH,BUY,17,41.11,2018-06-17
493,NVDA,TECH,BUY,2,66.4,2022-04-26
494,GOOGL,TECH,SELL,4,66.47,2022-09-02
495,AAPL,TECH,BUY,1,69.15,2019-02-22
496,AAPL,TECH,BUY,3,41.58,2018-08-22
497,TSLA,AUTOMOTIVE,BUY,13,28.75,2019-07-21
498,BIIB,BIOTECH,BUY,17,26.34,2022-04-26
499,APLS,BIOTECH,SELL,23,50.97,2021-08-02
500,NVDA,TECH,BUY,1,66.36,2022-04-23
501,APLS,BIOTECH,BUY,1,24.88,2019-07-17
502,AAPL,TECH,SELL,2,20.62,2021-07-26
503,GOOGL,TECH,BUY,5,59.82,2021-12-13
504,NVDA,TECH,BUY,8,64.35,2018-04-16
505,AAPL,TECH,BUY,7,29.1,2022-05-13
506,GM,AUTOMOTIVE,BUY,3,42.03,2021-08-30
507,GM,AUTOMOTIVE,BUY,6,31.17,2022-10-24
508,GOOGL,TECH,SELL,4,10.07,2020-06-06
509,GM,AUTOMOTIVE,SELL,7,22.74,2018-05-15
510,GOOGL,TECH,BUY,11,14.07,2019-03-14
511,BIIB,BIOTECH,BUY,1,35.07,2020-03-18
512,TSLA,AUTOMOTIVE,BUY,14,36.31,2018-05-18
513,BIIB,BIOTECH,BUY,4,16.3,2022-04-23
514,TSLA,AUTOMOTIVE,BUY,1,50.25,2020-08-25
515,GOOGL,TECH,BUY,5,42.75,2022-02-15
516,GOOGL,TECH,SELL,11,43.73,2021-11-15
517,TSLA,AUTOMOTIVE,BUY,3,39.18,2019-08-11
518,GM,AUTOMOTIVE,BUY,5,41.79,2019-07-30
519,NVDA,TECH,BUY,2,17.68,2021-03-21
520,NVDA,TECH,BUY,12,30.16,2018-10-18
521,APLS,BIOTECH,BUY,31,21.88,2019-08-30
522,NVDA,TECH,BUY,6,29.77,2021-08-07
523,GOOGL,TECH,BUY,5,69.6,2019-03-06
524,NVDA,TECH,SELL,8,39.1,2019-09-17
525,TSLA,AUTOMOTIVE,BUY,32,13.29,2019-11-21
526,NVDA,TECH,BUY,8,11.14,2021-07-26
527,BIIB,BIOTECH,BUY,18,42.89,2018-03-27
528,TSLA,AUTOMOTIVE,BUY,5,24.15,2018-05-17
529,APLS,BIOTECH,BUY,14,19.85,2022-04-02
530,BIIB,BIOTECH,BUY,2,14.56,2019-05-14
531,APLS,BIOTECH,BUY,8,57.71,2022-10-17
532,APLS,BIOTECH,BUY,5,30.8,2020-03-15
533,APLS,BIOTECH,BUY,4,44.64,2020-05-04
534,GOOGL,TECH,BUY,10,31.62,2019-09-22
535,GOOGL,TECH,BUY,1,49.52,2022-01-30
536,TSLA,AUTOMOTIVE,BUY,12,11.9,2021-08-20
537,BIIB,BIOTECH,BUY,8,30.78,2018-05-31
538,GOOGL,TECH,BUY,8,62.18,2020-08-28
539,GM,AUTOMOTIVE,BUY,24,53.98,2022-10-14
540,AAPL,TECH,BUY,3,59.76,2020-01-16
541,NVDA,TECH,SELL,3,31.52,2019-12-01
542,GM,AUTOMOTIVE,BUY,5,35.58,2018-08-19
543,APLS,BIOTECH,SELL,3,28.84,2019-05-08
544,BIIB,BIOTECH,BUY,2,30.64,2020-05-02
545,NVDA,TECH,BUY,10,59.38,2020-10-11
546,APLS,BIOTECH,BUY,17,68.69,2022-09-30
547,BIIB,BIOTECH,BUY,5,67.64,2019-01-15
548,GM,AUTOMOTIVE,BUY,12,10.76,2018-12-12
549,APLS,BIOTECH,BUY,1,22.12,2022-09-26
550,TSLA,AUTOMOTIVE,BUY,11,38.16,2019-04-24
551,BIIB,BIOTECH,BUY,1,42.02,2021-08-21
552,APLS,BIOTECH,BUY,19,63.87,2020-01-12
553,NVDA,TECH,BUY,3,54.75,2021-04-11
554,GOOGL,TECH,BUY,6,26.92,2020-12-18
555,AAPL,TECH,BUY,7,26.47,2021-02-06
556,AAPL,TECH,SELL,2,48.58,2021-11-01
557,AAPL,TECH,BUY,8,27.67,2018-04-28
558,GOOGL,TECH,BUY,13,17.19,2021-02-15
559,BIIB,BIOTECH,BUY,1,37.53,2018-09-12
560,NVDA,TECH,BUY,19,25.07,2018-09-28
561,GOOGL,TECH,BUY,13,55.26,2019-09-19
562,NVDA,TECH,BUY,4,14.71,2021-09-29
563,APLS,BIOTECH,BUY,8,39.84,2020-09-23
564,GOOGL,TECH,BUY,11,35.38,2021-03-06
565,TSLA,AUTOMOTIVE,BUY,2,16.22,2019-12-19
566,BIIB,BIOTECH,BUY,6,22.1,2022-03-27
567,GOOGL,TECH,BUY,1,10.79,2021-11-22
568,BIIB,BIOTECH,BUY,20,68.84,2018-05-13
569,BIIB,BIOTECH,BUY,1,32.01,2019-05-04
570,GM,AUTOMOTIVE,SELL,2,50.56,2018-12-18
571,AAPL,TECH,SELL,12,35.6,2022-02-21
572,GOOGL,TECH,SELL,3,49.95,2018-01-12
573,AAPL,TECH,BUY,16,45.24,2022-09-02
574,AAPL,TECH,BUY,5,53.98,2018-03-04
575,APLS,BIOTECH,SELL,5,23.86,2018-12-21
576,AAPL,TECH,SELL,13,15.03,2020-06-30
577,NVDA,TECH,BUY,7,36.28,2018-06-20
578,BIIB,BIOTECH,SELL,5,44.94,2021-02-26
579,NVDA,TECH,BUY,2,54.3,2018-06-07
580,TSLA,AUTOMOTIVE,BUY,1,52.86,2019-12-01
581,AAPL,TECH,BUY,13,46.25,2022-03-08
582,GM,AUTOMOTIVE,BUY,21,67.67,2020-11-06
583,AAPL,TECH,SELL,11,55.86,2018-11-19
584,GOOGL,TECH,BUY,9,62.45,2019-01-14
585,APLS,BIOTECH,BUY,14,18.76,2020-02-07
586,NVDA,TECH,BUY,10,20.96,2019-12-10
587,BIIB,BIOTECH,BUY,49,49.36,2021-06-26
588,NVDA,TECH,SELL,3,19.06,2019-09-18
589,BIIB,BIOTECH,BUY,10,66.79,2021-05-17
590,AAPL,TECH,BUY,2,64.09,2022-10-08
591,BIIB,BIOTECH,SELL,4,48.89,2022-09-09
592,AAPL,TECH,BUY,23,55.37,2021-12-17
593,NVDA,TECH,SELL,10,16.11,2018-07-17
594,BIIB,BIOTECH,BUY,7,58.05,2018-01-03
595,AAPL,TECH,BUY,2,14.77,2018-04-12
596,GOOGL,TECH,BUY,9,65.8,2021-10-31
597,AAPL,TECH,BUY,1,37.31,2018-08-12
598,NVDA,TECH,BUY,3,39.29,2018-01-10
599,BIIB,BIOTECH,BUY,2,52.35,2020-05-22
600,NVDA,TECH,BUY,6,50.93,2021-05-06
601,GM,AUTOMOTIVE,BUY,2,25.9,2019-06-02
602,NVDA,TECH,BUY,2,46.95,2020-04-09
603,GM,AUTOMOTIVE,BUY,22,59.36,2019-05-20
604,NVDA,TECH,BUY,1,11.26,2022-03-15
605,BIIB,BIOTECH,BUY,2,64.41,2020-07-13
606,GOOGL,TECH,BUY,4,22.05,2021-03-05
607,GM,AUTOMOTIVE,SELL,2,49.59,2022-01-06
608,TSLA,AUTOMOTIVE,BUY,1,52.53,2020-02-07
609,APLS,BIOTECH,BUY,3,38.94,2018-02-05
610,GOOGL,TECH,SELL,1,64.04,2019-08-02
611,TSLA,AUTOMOTIVE,BUY,3,49.44,2019-08-14
612,GM,AUTOMOTIVE,BUY,18,29.47,2022-04-25
613,APLS,BIOTECH,SELL,4,43.35,2022-10-20
614,APLS,BIOTECH,BUY,7,62.38,2019-02-06
615,NVDA,TECH,BUY,2,23.51,2022-03-28
616,GM,AUTOMOTIVE,SELL,2,49.7,2021-06-07
617,NVDA,TECH,BUY,3,31.04,2018-08-30
618,NVDA,TECH,BUY,4,23.64,2018-04-27
619,GM,AUTOMOTIVE,BUY,1,66.07,2021-05-02
620,TSLA,AUTOMOTIVE,BUY,2,33.6,2019-03-02
621,APLS,BIOTECH,BUY,13,66.06,2019-02-22
622,NVDA,TECH,BUY,1,22.94,2019-08-25
623,BIIB,BIOTECH,BUY,5,52.65,2018-10-27
624,BIIB,BIOTECH,BUY,42,34.2,2018-07-14
625,AAPL,TECH,SELL,7,35.76,2022-01-03
626,TSLA,AUTOMOTIVE,SELL,17,67.01,2021-07-14
627,NVDA,TECH,BUY,5,66.46,2018-01-05
628,BIIB,BIOTECH,BUY,9,62.09,2018-12-02
629,GOOGL,TECH,BUY,1,59.48,2021-03-29
630,GM,AUTOMOTIVE,BUY,4,51.91,2019-01-13
631,APLS,BIOTECH,BUY,5,54.76,2018-03-07
632,APLS,BIOTECH,BUY,19,60.13,2020-03-06
633,TSLA,AUTOMOTIVE,BUY,19,64.98,2019-12-20
634,BIIB,BIOTECH,BUY,16,13.84,2018-02-05
635,NVDA,TECH,SELL,3,47.08,2020-03-03
636,TSLA,AUTOMOTIVE,BUY,16,37.81,2021-04-21
637,AAPL,TECH,BUY,4,57.62,2021-02-26
638,GM,AUTOMOTIVE,BUY,8,26.26,2021-08-23
639,BIIB,BIOTECH,SELL,2,47.12,2018-02-08
640,NVDA,TECH,SELL,7,27.07,2021-09-27
641,APLS,BIOTECH,BUY,19,62.07,2018-09-08
642,NVDA,TECH,SELL,12,63.58,2022-03-12
643,TSLA,AUTOMOTIVE,BUY,26,16.56,2019-10-03
644,GM,AUTOMOTIVE,BUY,1,66.72,2019-08-21
645,APLS,BIOTECH,BUY,2,18.29,2018-08-24
646,GOOGL,TECH,BUY,8,65.35,2018-01-27
647,AAPL,TECH,BUY,3,18.67,2022-04-20
648,APLS,BIOTECH,BUY,5,51.11,2021-02-01
649,TSLA,AUTOMOTIVE,BUY,3,11.11,2020-11-27
650,GOOGL,TECH,BUY,3,24.8,2020-12-06
651,GM,AUTOMOTIVE,BUY,6,53.02,2020-06-17
652,GOOGL,TECH,BUY,15,22.01,2021-12-16
653,NVDA,TECH,BUY,5,30.56,2022-04-17
654,APLS,BIOTECH,BUY,19,47.87,2021-01-06
655,GOOGL,TECH,BUY,2,10.94,2021-06-11
656,BIIB,BIOTECH,BUY,6,57.32,2019-08-01
657,BIIB,BIOTECH,SELL,2,29.64,2019-06-22
658,TSLA,AUTOMOTIVE,BUY,13,42.83,2022-04-04
659,GM,AUTOMOTIVE,BUY,3,62.2,2022-06-28
660,BIIB,BIOTECH,BUY,4,53.08,2019-02-02
661,NVDA,TECH,BUY,9,32.77,2018-05-26
662,TSLA,AUTOMOTIVE,SELL,20,27.82,2019-01-05
663,AAPL,TECH,BUY,9,48.38,2018-09-21
664,GM,AUTOMOTIVE,BUY,6,36.05,2020-12-16
665,TSLA,AUTOMOTIVE,BUY,4,10.95,2018-10-04
666,GM,AUTOMOTIVE,BUY,11,26.64,2018-06-10
667,NVDA,TECH,BUY,16,27.71,2018-10-02
668,TSLA,AUTOMOTIVE,BUY,8,62.48,2020-05-18
669,NVDA,TECH,BUY,5,24.72,2018-12-14
670,TSLA,AUTOMOTIVE,BUY,21,23.64,2022-10-23
671,GOOGL,TECH,SELL,1,19.61,2018-07-05
672,BIIB,BIOTECH,BUY,5,43.5,2021-03-13
673,NVDA,TECH,BUY,5,13.7,2020-07-26
674,GOOGL,TECH,BUY,1,52.37,2020-06-11
675,GOOGL,TECH,BUY,6,25.48,2021-10-19
676,GM,AUTOMOTIVE,BUY,5,19.97,2022-03-24
677,GOOGL,TECH,BUY,16,12.47,2021-02-16
678,APLS,BIOTECH,SELL,12,26.28,2022-07-01
679,TSLA,AUTOMOTIVE,BUY,2,12.26,2020-07-14
680,NVDA,TECH,BUY,3,31.0,2020-05-08
681,TSLA,AUTOMOTIVE,SELL,12,18.92,2020-06-05
682,GOOGL,TECH,BUY,7,41.3,2020-06-22
683,GM,AUTOMOTIVE,SELL,20,25.6,2018-04-09
684,AAPL,TECH,BUY,2,10.42,2018-11-12
685,GM,AUTOMOTIVE,SELL,13,49.79,2019-04-14
686,AAPL,TECH,BUY,1,13.75,2019-03-11
687,TSLA,AUTOMOTIVE,BUY,5,43.5,2018-06-08
688,AAPL,TECH,BUY,4,65.98,2018-10-24
689,AAPL,TECH,BUY,11,38.77,2022-02-24
690,NVDA,TECH,BUY,5,18.8,2019-05-26
691,GOOGL,TECH,BUY,9,46.77,2019-09-26
692,GM,AUTOMOTIVE,BUY,16,67.96,2018-09-15
693,BIIB,BIOTECH,SELL,8,32.18,2021-03-13
694,BIIB,BIOTECH,BUY,2,37.45,2022-08-23
695,BIIB,BIOTECH,BUY,19,49.25,2019-09-16
696,BIIB,BIOTECH,BUY,30,53.5,2018-11-09
697,TSLA,AUTOMOTIVE,BUY,3,62.52,2019-06-03
698,TSLA,AUTOMOTIVE,BUY,6,20.17,2021-04-11
699,GM,AUTOMOTIVE,BUY,5,39.34,2019-08-18
700,AAPL,TECH,BUY,10,64.66,2022-04-13
701,AAPL,TECH,SELL,2,23.74,2018-11-13
702,APLS,BIOTECH,BUY,15,59.2,2018-02-10
703,AAPL,TECH,BUY,42,23.2,2018-09-24
704,BIIB,BIOTECH,BUY,16,32.34,2018-08-30
705,BIIB,BIOTECH,SELL,7,16.09,2018-04-21
706,NVDA,TECH,BUY,16,13.66,2021-09-06
707,AAPL,TECH,BUY,15,51.87,2020-08-08
708,APLS,BIOTECH,BUY,16,68.09,2019-09-18
709,APLS,BIOTECH,BUY,7,68.11,2022-05-30
710,TSLA,AUTOMOTIVE,BUY,7,44.24,2022-08-18
711,NVDA,TECH,BUY,1,22.12,2018-06-28
712,BIIB,BIOTECH,BUY,1,22.36,2022-09-16
713,NVDA,TECH,BUY,6,56.43,2020-03-23
714,NVDA,TECH,BUY,1,17.9,2022-05-16
715,GOOGL,TECH,BUY,1,20.59,2021-03-17
716,NVDA,TECH,BUY,1,19.3,2021-03-15
717,BIIB,BIOTECH,BUY,3,64.03,2019-07-26
718,BIIB,BIOTECH,BUY,2,17.46,2022-02-23
719,BIIB,BIOTECH,SELL,9,67.48,2018-10-12
720,APLS,BIOTECH,BUY,7,39.87,2021-02-06
721,TSLA,AUTOMOTIVE,BUY,8,35.33,2020-01-19
722,TSLA,AUTOMOTIVE,SELL,1,63.97,2020-08-31
723,NVDA,TECH,BUY,15,10.59,2021-02-24
724,NVDA,TECH,BUY,3,47.01,2022-07-04
725,APLS,BIOTECH,BUY,5,55.61,2022-10-23
726,APLS,BIOTECH,BUY,8,25.02,2022-05-29
727,TSLA,AUTOMOTIVE,BUY,1,13.82,2020-07-12
728,BIIB,BIOTECH,BUY,10,38.68,2018-04-13
729,AAPL,TECH,BUY,7,59.38,2019-06-26
730,BIIB,BIOTECH,SELL,2,47.17,2020-12-27
731,APLS,BIOTECH,BUY,4,15.23,2020-08-19
732,BIIB,BIOTECH,BUY,4,35.11,2019-11-24
733,NVDA,TECH,BUY,4,59.36,2020-10-07
734,GM,AUTOMOTIVE,BUY,5,27.22,2022-08-08
735,APLS,BIOTECH,BUY,28,61.21,2020-09-13
736,BIIB,BIOTECH,BUY,3,19.79,2018-08-20
737,NVDA,TECH,BUY,14,66.5,2019-01-15
738,GOOGL,TECH,BUY,14,42.99,2022-04-11
739,GM,AUTOMOTIVE,BUY,1,60.94,2021-01-29
740,APLS,BIOTECH,SELL,2,32.66,2018-06-22
741,GM,AUTOMOTIVE,BUY,3,65.77,2022-07-28
742,TSLA,AUTOMOTIVE,BUY,5,26.74,2019-11-29
743,BIIB,BIOTECH,BUY,12,18.05,2019-06-11
744,AAPL,TECH,BUY,33,14.4,2019-10-07
745,GOOGL,TECH,BUY,3,36.85,2020-08-26
746,AAPL,TECH,SELL,13,51.2,2018-01-10
747,TSLA,AUTOMOTIVE,BUY,5,56.07,2022-03-27
748,NVDA,TECH,BUY,36,51.39,2019-12-05
749,NVDA,TECH,BUY,22,68.21,2019-02-21
750,GM,AUTOMOTIVE,SELL,11,16.59,2018-07-25
751,GM,AUTOMOTIVE,BUY,4,54.91,2018-05-22
752,AAPL,TECH,BUY,3,28.91,2022-09-26
753,AAPL,TECH,BUY,3,54.5,2019-06-16
754,TSLA,AUTOMOTIVE,BUY,2,27.96,2019-12-04
755,GM,AUTOMOTIVE,BUY,13,13.41,2022-10-16
756,AAPL,TECH,BUY,7,53.21,2020-01-10
757,GOOGL,TECH,SELL,5,55.51,2021-07-11
758,GM,AUTOMOTIVE,BUY,2,46.7,2018-07-21
759,APLS,BIOTECH,BUY,13,60.18,2018-03-06
760,TSLA,AUTOMOTIVE,BUY,11,37.95,2021-08-07
761,BIIB,BIOTECH,BUY,10,25.38,2018-02-19
762,GOOGL,TECH,SELL,31,55.64,2021-12-11
763,AAPL,TECH,BUY,8,15.26,2021-03-12
764,NVDA,TECH,BUY,1,46.16,2022-03-01
765,GOOGL,TECH,BUY,19,23.98,2021-07-21
766,GM,AUTOMOTIVE,SELL,3,62.96,2018-05-10
767,TSLA,AUTOMOTIVE,BUY,8,60.21,2021-07-14
768,NVDA,TECH,SELL,2,16.94,2020-04-08
769,NVDA,TECH,SELL,3,11.02,2020-03-06
770,GOOGL,TECH,BUY,4,61.84,2020-02-02
771,APLS,BIOTECH,BUY,1,67.08,2022-02-26
772,BIIB,BIOTECH,BUY,5,17.81,2019-12-09
773,GOOGL,TECH,BUY,4,36.66,2019-02-11
774,GM,AUTOMOTIVE,BUY,1,63.02,2018-09-23
775,TSLA,AUTOMOTIVE,SELL,38,20.21,2021-04-03
776,GOOGL,TECH,BUY,2,38.61,2021-12-19
777,GOOGL,TECH,SELL,7,41.06,2022-07-19
778,GM,AUTOMOTIVE,BUY,23,49.88,2019-09-17
779,APLS,BIOTECH,BUY,1,67.01,2020-12-17
780,GOOGL,TECH,BUY,6,51.07,2018-05-23
781,BIIB,BIOTECH,SELL,21,23.06,2022-08-21
782,TSLA,AUTOMOTIVE,BUY,17,55.82,2019-08-02
783,APLS,BIOTECH,BUY,4,11.16,2021-05-24
784,APLS,BIOTECH,BUY,3,10.0,2020-09-10
785,BIIB,BIOTECH,SELL,10,54.96,2021-06-14
786,TSLA,AUTOMOTIVE,BUY,3,32.12,2021-08-03
787,TSLA,AUTOMOTIVE,SELL,17,17.84,2019-09-06
788,AAPL,TECH,SELL,10,40.8,2021-03-16
789,BIIB,BIOTECH,BUY,6,37.02,2018-06-26
790,GM,AUTOMOTIVE,SELL,9,18.31,2018-10-18
791,TSLA,AUTOMOTIVE,SELL,15,26.35,2022-06-25
792,GM,AUTOMOTIVE,BUY,8,14.44,2022-01-26
793,AAPL,TECH,SELL,7,52.29,2018-10-09
794,GM,AUTOMOTIVE,SELL,6,45.16,2022-04-22
795,NVDA,TECH,BUY,3,67.56,2021-12-29
796,GOOGL,TECH,BUY,3,43.19,2021-11-13
797,GOOGL,TECH,BUY,9,17.41,2018-10-26
798,APLS,BIOTECH,BUY,11,46.12,2019-06-22
799,TSLA,AUTOMOTIVE,BUY,1,65.74,2019-03-07
800,APLS,BIOTECH,BUY,2,24.48,2018-06-30
801,TSLA,AUTOMOTIVE,BUY,2,17.73,2019-04-21
802,BIIB,BIOTECH,BUY,4,44.76,2021-01-12
803,NVDA,TECH,BUY,1,14.5,2021-07-21
804,BIIB,BIOTECH,BUY,4,14.44,2018-12-01
805,APLS,BIOTECH,BUY,2,26.1,2021-08-21
806,TSLA,AUTOMOTIVE,BUY,4,53.81,2022-04-06
807,GM,AUTOMOTIVE,BUY,6,21.06,2020-07-02
808,AAPL,TECH,BUY,12,65.87,2021-12-16
809,GM,AUTOMOTIVE,BUY,6,37.29,2019-09-12
810,GOOGL,TECH,BUY,14,44.35,2018-06-10
811,AAPL,TECH,BUY,1,42.37,2021-12-04
812,AAPL,TECH,SELL,5,30.03,2019-02-23
813,TSLA,AUTOMOTIVE,BUY,2,32.92,2019-09-06
814,APLS,BIOTECH,BUY,7,64.46,2019-11-18
815,APLS,BIOTECH,BUY,2,18.58,2020-09-10
816,NVDA,TECH,BUY,2,64.61,2019-05-19
817,TSLA,AUTOMOTIVE,BUY,2,65.6,2019-11-16
818,GOOGL,TECH,BUY,3,33.54,2018-02-01
819,GOOGL,TECH,BUY,17,36.81,2018-08-08
820,NVDA,TECH,BUY,1,43.16,2022-04-03
821,TSLA,AUTOMOTIVE,BUY,1,48.34,2018-06-04
822,APLS,BIOTECH,BUY,11,12.79,2021-03-10
823,AAPL,TECH,SELL,1,46.24,2020-03-28
824,GM,AUTOMOTIVE,SELL,4,34.85,2022-10-21
825,GOOGL,TECH,BUY,10,32.21,2018-04-26
826,NVDA,TECH,BUY,6,67.39,2022-06-18
827,APLS,BIOTECH,BUY,6,24.43,2020-07-23
828,GOOGL,TECH,BUY,9,44.25,2021-03-22
829,BIIB,BIOTECH,BUY,1,67.45,2018-07-17
830,GM,AUTOMOTIVE,BUY,16,42.24,2018-08-22
831,APLS,BIOTECH,BUY,8,20.99,2019-02-19
832,BIIB,BIOTECH,SELL,9,57.07,2022-05-07
833,AAPL,TECH,BUY,25,51.48,2020-11-20
834,GM,AUTOMOTIVE,BUY,1,10.83,2021-02-03
835,AAPL,TECH,BUY,13,11.18,2019-12-27
836,GOOGL,TECH,BUY,8,12.42,2018-06-27
837,APLS,BIOTECH,BUY,6,54.64,2020-01-22
838,BIIB,BIOTECH,BUY,4,46.69,2018-09-15
839,GM,AUTOMOTIVE,BUY,1,64.1,2021-05-31
840,GM,AUTOMOTIVE,BUY,19,37.31,2018-06-28
841,GOOGL,TECH,BUY,1,12.81,2020-04-17
842,AAPL,TECH,BUY,17,50.28,2021-10-05
843,BIIB,BIOTECH,BUY,6,45.86,2019-07-16
844,GM,AUTOMOTIVE,BUY,3,32.71,2019-11-11
845,BIIB,BIOTECH,BUY,1,34.49,2018-01-16
846,APLS,BIOTECH,BUY,5,31.12,2018-07-31
847,TSLA,AUTOMOTIVE,BUY,10,28.19,2018-12-21
848,GM,AUTOMOTIVE,SELL,1,23.2,2020-02-05
849,APLS,BIOTECH,BUY,8,57.84,2022-04-04
850,NVDA,TECH,BUY,1,53.51,2018-03-12
851,GOOGL,TECH,BUY,8,25.96,2021-07-03
852,AAPL,TECH,BUY,3,54.54,2021-04-09
853,NVDA,TECH,BUY,9,56.62,2019-11-02
854,AAPL,TECH,BUY,5,19.09,2020-03-26
855,APLS,BIOTECH,BUY,7,34.89,2021-05-01
856,GOOGL,TECH,BUY,3,10.79,2018-04-09
857,GM,AUTOMOTIVE,BUY,17,63.48,2020-06-12
858,APLS,BIOTECH,SELL,10,59.92,2021-03-28
859,BIIB,BIOTECH,BUY,9,68.48,2021-09-10
860,BIIB,BIOTECH,SELL,5,60.97,2019-09-21
861,BIIB,BIOTECH,BUY,1,21.34,2019-08-07
862,BIIB,BIOTECH,BUY,1,66.09,2020-02-17
863,GOOGL,TECH,BUY,10,53.35,2019-06-12
864,BIIB,BIOTECH,BUY,15,41.73,2019-04-15
865,BIIB,BIOTECH,BUY,27,42.91,2021-10-09
866,TSLA,AUTOMOTIVE,SELL,1,57.93,2021-04-22
867,GM,AUTOMOTIVE,BUY,5,48.48,2019-07-12
868,NVDA,TECH,BUY,11,10.21,2019-03-06
869,TSLA,AUTOMOTIVE,BUY,1,15.25,2020-12-19
870,AAPL,TECH,BUY,3,47.7,2022-08-26
871,GM,AUTOMOTIVE,SELL,7,57.58,2020-10-18
872,NVDA,TECH,SELL,4,21.0,2020-01-28
873,GOOGL,TECH,BUY,3,58.44,2019-04-18
874,NVDA,TECH,BUY,7,21.3,2018-12-02
875,BIIB,BIOTECH,SELL,3,31.9,2019-11-04
876,BIIB,BIOTECH,BUY,1,26.14,2018-12-26
877,APLS,BIOTECH,BUY,6,38.02,2019-11-04
878,GM,AUTOMOTIVE,BUY,2,69.57,2019-02-27
879,NVDA,TECH,BUY,5,52.16,2019-09-05
880,APLS,BIOTECH,BUY,21,52.78,2022-08-03
881,BIIB,BIOTECH,BUY,5,24.37,2022-04-21
882,AAPL,TECH,BUY,18,38.84,2021-09-25
883,APLS,BIOTECH,BUY,17,10.19,2020-01-28
884,GM,AUTOMOTIVE,BUY,8,48.89,2022-01-21
885,NVDA,TECH,SELL,1,45.12,2021-02-04
886,GM,AUTOMOTIVE,BUY,8,27.78,2022-09-24
887,NVDA,TECH,SELL,2,23.55,2019-02-05
888,NVDA,TECH,BUY,14,44.74,2021-01-05
889,BIIB,BIOTECH,SELL,2,42.17,2018-10-16
890,BIIB,BIOTECH,SELL,23,44.38,2021-11-24
891,GM,AUTOMOTIVE,BUY,6,28.75,2020-07-05
892,APLS,BIOTECH,BUY,4,13.37,2019-12-13
893,TSLA,AUTOMOTIVE,BUY,11,65.65,2022-01-03
894,BIIB,BIOTECH,BUY,24,66.17,2022-08-15
895,BIIB,BIOTECH,BUY,8,66.73,2021-05-29
896,TSLA,AUTOMOTIVE,BUY,6,36.29,2020-10-12
897,APLS,BIOTECH,BUY,4,28.25,2022-01-19
898,BIIB,BIOTECH,SELL,1,52.35,2018-06-08
899,GM,AUTOMOTIVE,BUY,12,41.08,2022-07-19
900,BIIB,BIOTECH,BUY,8,36.77,2022-03-13
901,GM,AUTOMOTIVE,BUY,13,10.05,2021-02-20
902,NVDA,TECH,SELL,18,60.59,2018-08-16
903,TSLA,AUTOMOTIVE,BUY,17,33.22,2022-05-27
904,APLS,BIOTECH,BUY,6,55.86,2018-09-04
905,AAPL,TECH,BUY,5,26.53,2019-05-10
906,GM,AUTOMOTIVE,BUY,9,21.04,2020-10-06
907,AAPL,TECH,BUY,5,32.98,2021-09-24
908,GOOGL,TECH,BUY,18,63.59,2022-09-11
909,GOOGL,TECH,BUY,6,33.68,2021-08-11
910,APLS,BIOTECH,BUY,8,14.88,2019-11-07
911,GM,AUTOMOTIVE,SELL,2,10.19,2021-08-29
912,AAPL,TECH,SELL,4,28.78,2019-01-23
913,APLS,BIOTECH,BUY,14,65.78,2020-05-05
914,GOOGL,TECH,BUY,2,57.34,2019-03-03
915,AAPL,TECH,BUY,9,41.05,2019-09-25
916,BIIB,BIOTECH,BUY,17,30.7,2020-11-24
917,APLS,BIOTECH,BUY,5,67.91,2021-09-25
918,GOOGL,TECH,BUY,11,38.28,2019-03-20
919,GOOGL,TECH,BUY,3,44.84,2020-10-03
920,GM,AUTOMOTIVE,BUY,2,20.54,2018-01-11
921,NVDA,TECH,BUY,7,59.85,2021-05-18
922,TSLA,AUTOMOTIVE,BUY,4,57.59,2021-07-06
923,AAPL,TECH,BUY,2,20.1,2020-10-20
924,APLS,BIOTECH,SELL,23,39.24,2020-08-23
925,BIIB,BIOTECH,BUY,15,17.37,2020-03-05
926,TSLA,AUTOMOTIVE,SELL,5,57.2,2022-09-11
927,GM,AUTOMOTIVE,BUY,16,14.84,2019-06-19
928,AAPL,TECH,BUY,3,32.31,2018-11-23
929,NVDA,TECH,BUY,4,37.0,2021-03-18
930,AAPL,TECH,SELL,2,29.24,2019-08-09
931,GM,AUTOMOTIVE,BUY,1,18.22,2019-09-21
932,AAPL,TECH,SELL,26,53.24,2019-08-13
933,BIIB,BIOTECH,BUY,5,42.44,2018-12-10
934,AAPL,TECH,BUY,5,44.07,2022-07-22
935,APLS,BIOTECH,SELL,11,28.85,2020-06-22
936,APLS,BIOTECH,BUY,3,65.11,2021-11-13
937,GOOGL,TECH,BUY,4,23.46,2020-06-07
938,NVDA,TECH,BUY,7,26.15,2022-01-02
939,BIIB,BIOTECH,BUY,5,69.08,2020-04-19
940,TSLA,AUTOMOTIVE,BUY,4,50.25,2021-10-26
941,GOOGL,TECH,BUY,4,26.14,2019-02-13
942,BIIB,BIOTECH,BUY,1,58.85,2019-06-24
943,GOOGL,TECH,BUY,2,13.87,2021-11-29
944,GOOGL,TECH,BUY,7,38.33,2022-05-30
945,BIIB,BIOTECH,SELL,2,19.24,2018-10-05
946,NVDA,TECH,BUY,14,68.87,2021-04-04
947,TSLA,AUTOMOTIVE,SELL,2,38.51,2022-02-02
948,GM,AUTOMOTIVE,BUY,6,29.33,2021-12-06
949,GOOGL,TECH,BUY,10,25.69,2022-01-27
950,GOOGL,TECH,BUY,15,34.8,2018-04-18
951,GM,AUTOMOTIVE,BUY,1,63.81,2022-03-27
952,NVDA,TECH,BUY,3,18.48,2020-11-07
953,AAPL,TECH,BUY,9,17.36,2019-01-16
954,GM,AUTOMOTIVE,BUY,5,66.4,2021-04-04
955,GM,AUTOMOTIVE,BUY,8,32.66,2021-06-16
956,AAPL,TECH,BUY,8,33.9,2021-11-12
957,BIIB,BIOTECH,BUY,10,53.32,2020-02-24
958,BIIB,BIOTECH,BUY,10,18.78,2018-03-17
959,AAPL,TECH,BUY,9,13.37,2021-03-11
960,TSLA,AUTOMOTIVE,BUY,8,53.11,2022-01-18
961,GM,AUTOMOTIVE,SELL,8,49.9,2020-04-08
962,BIIB,BIOTECH,BUY,19,30.52,2022-10-07
963,GM,AUTOMOTIVE,BUY,2,39.17,2018-11-06
964,NVDA,TECH,BUY,4,38.84,2022-06-13
965,GOOGL,TECH,BUY,5,69.04,2018-05-20
966,APLS,BIOTECH,BUY,1,27.75,2022-07-05
967,BIIB,BIOTECH,BUY,2,32.07,2020-10-04
968,BIIB,BIOTECH,BUY,6,23.48,2022-09-06
969,GOOGL,TECH,BUY,15,68.39,2018-12-31
970,BIIB,BIOTECH,BUY,3,24.59,2021-03-30
971,BIIB,BIOTECH,BUY,4,62.6,2020-06-20
972,TSLA,AUTOMOTIVE,SELL,10,63.08,2019-01-13
973,BIIB,BIOTECH,BUY,7,56.92,2021-04-16
974,GM,AUTOMOTIVE,BUY,6,13.15,2019-07-06
975,APLS,BIOTECH,BUY,5,17.6,2020-07-22
976,NVDA,TECH,BUY,2,64.68,2019-05-06
977,NVDA,TECH,BUY,3,61.75,2021-08-07
978,BIIB,BIOTECH,BUY,10,64.11,2019-03-09
979,NVDA,TECH,BUY,1,10.34,2018-09-09
980,BIIB,BIOTECH,BUY,11,35.43,2022-09-04
981,GOOGL,TECH,BUY,7,53.91,2022-06-25
982,NVDA,TECH,BUY,1,58.28,2021-05-06
983,APLS,BIOTECH,BUY,8,19.76,2022-05-12
984,AAPL,TECH,SELL,7,39.93,2022-02-08
985,NVDA,TECH,BUY,12,40.5,2020-06-05
986,APLS,BIOTECH,BUY,4,62.66,2020-09-02
987,GM,AUTOMOTIVE,SELL,5,47.02,2018-07-27
988,AAPL,TECH,BUY,2,54.8,2019-05-13
989,GOOGL,TECH,BUY,2,14.55,2019-09-20
990,APLS,BIOTECH,BUY,24,25.06,2022-05-23
991,APLS,BIOTECH,BUY,4,35.34,2020-07-02
992,NVDA,TECH,BUY,1,61.9,2018-03-29
993,BIIB,BIOTECH,BUY,19,35.49,2018-05-29
994,APLS,BIOTECH,BUY,2,11.89,2018-03-31
995,APLS,BIOTECH,BUY,7,48.2,2018-02-07
996,TSLA,AUTOMOTIVE,SELL,7,60.97,2020-04-25
997,TSLA,AUTOMOTIVE,BUY,1,31.23,2020-04-15
998,NVDA,TECH,BUY,18,38.57,2018-08-24
999,BIIB,BIOTECH,BUY,2,68.43,2020-12-19
